Matière,Sujet,Serie,Années,Pays,Type
 Physique-Chimie,http://www.examens-concours.net/sujets/RCI-BAC-2020-PC-Series-CE.pdf,Sciences Dures,2020, Côte d'Ivoire,BAC
 Philosophie,http://www.examens-concours.net/sujets/RCI-BAC-2020-Philo-Series-A1-A2.pdf,A,2020, Côte d'Ivoire,BAC
 Anglais,http://www.examens-concours.net/sujets/RCI-BAC-2020-Anglais-Series-A1-A2.pdf,A,2020, Côte d'Ivoire,BAC
 Français,http://www.examens-concours.net/sujets/RCI-BAC-2020-Francais-Series-ABCDEH.pdf,Toutes Serie,2020, Côte d'Ivoire,BAC
 Mathématiques,http://www.examens-concours.net/sujets/RCI-BAC-2020-Maths-Serie-A1.pdf,A1,2020, Côte d'Ivoire,BAC
 Mathématiques,http://www.examens-concours.net/sujets/RCI-BAC-2020-Maths-Serie-A2.pdf,A2,2020, Côte d'Ivoire,BAC
 Mathématiques,http://www.examens-concours.net/sujets/RCI-BAC-2020-Maths-Serie-C.pdf,C,2020, Côte d'Ivoire,BAC
 Mathématiques,http://www.examens-concours.net/sujets/RCI-BAC-2020-Maths-Serie-D.pdf,D,2020, Côte d'Ivoire,BAC
 Mathématiques,http://www.examens-concours.net/sujets/RCI-BAC-2020-Maths-Serie-E.pdf,E,2020, Côte d'Ivoire,BAC
 Physique-Chimie,http://www.examens-concours.net/sujets/RCI-BAC-2020-PC-Serie-D.pdf,D,2020, Côte d'Ivoire,BAC
 Philosophie,http://www.examens-concours.net/sujets/RCI-BAC-2020-Philo-Series-CDE.pdf,Sciences,2020, Côte d'Ivoire,BAC
 SVT,http://www.examens-concours.net/sujets/RCI-BAC-2020-SVT-Serie-D.pdf,D,2020, Côte d'Ivoire,BAC
 Philosophie,http://www.examens-concours.net/sujets/RCI-2019-BAC-C-D-E-Philo.pdf,Sciences,2019, Côte d'Ivoire,BAC
 Philosophie,http://www.examens-concours.net/sujets/RCI-2019-BAC-A1-A2-Philo.pdf,A,2019, Côte d'Ivoire,BAC
 Anglais,http://www.examens-concours.net/sujets/RCI-2019-BAC-A2-Anglais-LV2.pdf,A2,2019, Côte d'Ivoire,BAC
 Anglais,http://www.examens-concours.net/sujets/RCI-2019-BAC-A1-A2-Anglais-LV1.pdf,A,2019, Côte d'Ivoire,BAC
 Français,http://www.examens-concours.net/sujets/RCI-2019-BAC-A-B-C-D-E-H-Francais.pdf,Toutes Serie,2019, Côte d'Ivoire,BAC
 Physique-Chimie,http://www.examens-concours.net/sujets/RCI-2019-BAC-D-Physiques-Chimie.pdf,D,2019, Côte d'Ivoire,BAC
 SVT,http://www.examens-concours.net/sujets/RCI-2019-BAC-D-SVT.pdf,D,2019, Côte d'Ivoire,BAC
 Mathématiques,http://www.examens-concours.net/sujets/RCI-2019-BAC-E-Maths.pdf,E,2019, Côte d'Ivoire,BAC
 Mathématiques,http://www.examens-concours.net/sujets/RCI-2019-BAC-D-Maths.pdf,D,2019, Côte d'Ivoire,BAC
 Mathématiques,http://www.examens-concours.net/sujets/RCI-2019-BAC-C-Maths.pdf,C,2019, Côte d'Ivoire,BAC
 Mathématiques,http://www.examens-concours.net/sujets/RCI-2019-BAC-A2-H-Maths.pdf,A2,2019, Côte d'Ivoire,BAC
 Mathématiques,http://www.examens-concours.net/sujets/RCI-2019-BAC-A1-Maths.pdf,A1,2019, Côte d'Ivoire,BAC
 Mathématiques,http://www.examens-concours.net/sujets/RCI-BAC-2018-Maths-Serie-E.pdf,E,2018, Côte d'Ivoire,BAC
 Mathématiques,http://www.examens-concours.net/sujets/RCI-BAC-2018-Maths-Serie-D.pdf,D,2018, Côte d'Ivoire,BAC
 Mathématiques,http://www.examens-concours.net/sujets/RCI-BAC-2018-Maths-Serie-C.pdf,C,2018, Côte d'Ivoire,BAC
 Mathématiques,http://www.examens-concours.net/sujets/RCI-BAC-2018-Maths-Serie-A2.pdf,A2,2018, Côte d'Ivoire,BAC
 Mathématiques,http://www.examens-concours.net/sujets/RCI-BAC-2018-Maths-Serie-A1.pdf,A1,2018, Côte d'Ivoire,BAC
 Philosophie,http://www.examens-concours.net/sujets/RCI-BAC-2018-Philo-Series-C-D-E.pdf,Sciences,2018, Côte d'Ivoire,BAC
 Philosophie,http://www.examens-concours.net/sujets/RCI-BAC-2018-Philo-Series-A1-A2.pdf,A,2018, Côte d'Ivoire,BAC
 Français,http://www.examens-concours.net/sujets/RCI-BAC-2018-Francais-Series-A-B-C-D-E-H.pdf,Toutes Serie,2018, Côte d'Ivoire,BAC
 SVT,http://www.examens-concours.net/sujets/RCI-2017-BAC-Serie-D-SVT.pdf,D,2017, Côte d'Ivoire,BAC
 Physique-Chimie,http://www.examens-concours.net/sujets/RCI-2017-BAC-Series-C-et-E-Physique-Chimie.pdf,Sciences Dures,2017, Côte d'Ivoire,BAC
 Anglais,http://www.examens-concours.net/sujets/RCI-2017-BAC-Anglais-Series-A1-A2.pdf,A,2017, Côte d'Ivoire,BAC
 Philosophie,http://www.examens-concours.net/sujets/RCI-2017-BAC-Philo-Series-A1-A2.pdf,A,2017, Côte d'Ivoire,BAC
 Physique-Chimie,http://www.examens-concours.net/sujets/RCI-2017-BAC-Serie-D-Physique-Chimie.pdf,D,2017, Côte d'Ivoire,BAC
 Mathématiques,http://www.examens-concours.net/sujets/RCI-2017-Bac-Maths-Serie-E.pdf,E,2017, Côte d'Ivoire,BAC
 Mathématiques,http://www.examens-concours.net/sujets/RCI-2017-Bac-Maths-Serie-C.pdf,C,2017, Côte d'Ivoire,BAC
 Mathématiques,http://www.examens-concours.net/sujets/RCI-2017-BAC-Maths-Serie-D.pdf,D,2017, Côte d'Ivoire,BAC
 Français,http://www.examens-concours.net/sujets/RCI-2017-BAC-Francais-Series-A-B-C-D-E-H.pdf,Toutes Serie,2017, Côte d'Ivoire,BAC
 Philosophie,http://www.examens-concours.net/sujets/RCI-2017-BAC-Philo-Series-C-D-E.pdf,Sciences,2017, Côte d'Ivoire,BAC
 Mathématiques,http://www.examens-concours.net/sujets/RCI-2017-BAC-Maths-Serie-A2-H.pdf,A2,2017, Côte d'Ivoire,BAC
 Mathématiques,http://www.examens-concours.net/sujets/RCI-2017-BAC-Maths-Serie-A1.pdf,A1,2017, Côte d'Ivoire,BAC
 Physique-Chimie,http://www.examens-concours.net/sujets/RCI-2016-Physique-series-C-E.pdf,Sciences Dures,2016, Côte d'Ivoire,BAC
 SVT,http://www.examens-concours.net/sujets/RCI-2016-SVT-series-C.pdf,C,2016, Côte d'Ivoire,BAC
 Anglais,http://www.examens-concours.net/sujets/RCI-2016-Anglais-series-A-LV2.pdf,A2,2016, Côte d'Ivoire,BAC
 Anglais,http://www.examens-concours.net/sujets/RCI-2016-Anglais-series-A-LV1.pdf,A,2016, Côte d'Ivoire,BAC
 SVT,http://www.examens-concours.net/sujets/RCI-2016-SVT-series-D.pdf,D,2016, Côte d'Ivoire,BAC
 Physique-Chimie,http://www.examens-concours.net/sujets/RCI-2016-Physique-series-D.pdf,D,2016, Côte d'Ivoire,BAC
 Français,http://www.examens-concours.net/sujets/RCI-2016-Francais-series-ABCCDEH.pdf,Toutes Serie,2016, Côte d'Ivoire,BAC
 Philosophie,http://www.examens-concours.net/sujets/RCI-2016-Philo-series-CDE.pdf,Sciences,2016, Côte d'Ivoire,BAC
 Mathématiques,http://www.examens-concours.net/sujets/RCI-2016-Maths-series-C.pdf,C,2016, Côte d'Ivoire,BAC
 Mathématiques,http://www.examens-concours.net/sujets/RCI-2016-Maths-series-E.pdf,E,2016, Côte d'Ivoire,BAC
 Philosophie,http://www.examens-concours.net/sujets/RCI-2016-Philo-Series-A.pdf,A,2016, Côte d'Ivoire,BAC
 Mathématiques,http://www.examens-concours.net/sujets/RCI-2016-Maths-series-D.pdf,D,2016, Côte d'Ivoire,BAC
 Mathématiques,http://www.examens-concours.net/sujets/RCI-BAC-2016-Maths-serie-A1.pdf,A1,2016, Côte d'Ivoire,BAC
 Mathématiques,http://www.examens-concours.net/sujets/RCI-BAC-2016-Maths-series-A2-H.pdf,A2,2016, Côte d'Ivoire,BAC
 Physique-Chimie,http://www.examens-concours.net/sujets/RCI-Bac-2014-PC-series-CE.pdf,Sciences Dures,2014, Côte d'Ivoire,BAC
 Physique-Chimie,http://www.examens-concours.net/sujets/RCI-2014-PC-serie-D.pdf,D,2014, Côte d'Ivoire,BAC
 Anglais,http://www.examens-concours.net/sujets/RCI_2015_Anglais_series_A.pdf,A,2015, Côte d'Ivoire,BAC
 Anglais,http://www.examens-concours.net/sujets/RCI_2014_Anglais_series_A.pdf,A,2014, Côte d'Ivoire,BAC
 Philosophie,http://www.examens-concours.net/sujets/RCI_2015_Philo_Serie_CDE.pdf,Sciences,2015, Côte d'Ivoire,BAC
 Physique-Chimie,http://www.examens-concours.net/sujets/RCI_2015_PC_serie_D.pdf,D,2015, Côte d'Ivoire,BAC
 Physique-Chimie,http://www.examens-concours.net/sujets/RCI_2015_PC_series_CE.pdf,Sciences Dures,2015, Côte d'Ivoire,BAC
 SVT,http://www.examens-concours.net/sujets/RCI_2015_SVT_serie_C.pdf,C,2015, Côte d'Ivoire,BAC
 SVT,http://www.examens-concours.net/sujets/RCI_2015_SVT_serie_D.pdf,D,2015, Côte d'Ivoire,BAC
 Français,http://www.examens-concours.net/sujets/RCI_2014_Francais_Serie_ACDE.pdf,Toutes Serie,2014, Côte d'Ivoire,BAC
 Français,http://www.examens-concours.net/sujets/RCI-2015-Francais-Serie-ACDE.pdf,Toutes Serie,2015, Côte d'Ivoire,BAC
 Philosophie,http://www.examens-concours.net/sujets/RCI-2014-Philo-Serie-A.pdf,A,2014, Côte d'Ivoire,BAC
 Philosophie,http://www.examens-concours.net/sujets/RCI-2014-Philo-Serie-CDE.pdf,Sciences,2014, Côte d'Ivoire,BAC
 Philosophie,http://www.examens-concours.net/sujets/RCI-2015-Philo-Serie-A.pdf,A,2015, Côte d'Ivoire,BAC
 Mathématiques,http://www.examens-concours.net/sujets/Bac-D-2015-CIV.pdf,D,2015, Côte d'Ivoire,BAC
 Mathématiques,http://www.examens-concours.net/sujets/Bac-A1-2015-CIV.pdf,A1,2015, Côte d'Ivoire,BAC
 Mathématiques,http://www.examens-concours.net/sujets/Bac-D-2014-CIV.pdf,D,2014, Côte d'Ivoire,BAC
 Mathématiques,http://www.examens-concours.net/sujets/Bac-A-2014-CIV.pdf,A1,2014, Côte d'Ivoire,BAC
